Metric,Value
MAE,25.139098053411587
RMSE,29.635457355185334
